City_ID,City,Country,Lat,Lng,Max Temp,Humidity,Cloudiness,Wind Speed,Description
0,Along,IN,28.1667,94.7667,73.4,83,91,1.83,overcast clouds
1,Tabory,RU,58.5198,64.5495,43.83,77,100,6.78,overcast clouds
2,Rikitea,PF,-23.1203,-134.9692,75.06,79,12,10.11,light rain
3,Avera,US,33.194,-82.5271,80.47,50,1,16.49,clear sky
4,Kathmandu,NP,27.7167,85.3167,66.42,100,75,3.44,broken clouds
5,Atuona,PF,-9.8,-139.0333,78.12,77,36,18.34,scattered clouds
6,Skjervoy,NO,70.0311,20.9714,41.83,80,100,17.36,overcast clouds
7,Moree,AU,-29.4667,149.85,55.42,71,15,4.61,few clouds
8,Corinto,GR,37.9407,22.9573,67.68,82,7,4.88,clear sky
9,Cuauhtemoc,MX,28.4167,-106.8667,65.71,42,97,14.47,overcast clouds
10,Torbay,CA,47.6666,-52.7314,45.57,96,90,24.16,light intensity drizzle
11,Barrow,US,71.2906,-156.7887,21.22,79,90,13.8,light snow
12,Mataura,NZ,-46.1927,168.8643,61.32,50,17,4.56,few clouds
13,San Quintin,MX,30.4833,-115.95,76.68,32,0,8.88,clear sky
14,Albany,US,42.6001,-73.9662,68.76,92,86,11.01,overcast clouds
15,Lagoa,PT,39.05,-27.9833,70.68,92,100,27.74,overcast clouds
16,Mar Del Plata,AR,-38.0023,-57.5575,66.22,37,0,14.97,clear sky
17,Airai,TL,-8.9266,125.4092,64.0,80,6,1.32,clear sky
18,East London,ZA,-33.0153,27.9116,58.44,57,27,23.06,scattered clouds
19,Tuktoyaktuk,CA,69.4541,-133.0374,26.6,86,90,3.44,overcast clouds
20,Bambous Virieux,MU,-20.3428,57.7575,73.22,78,40,12.66,scattered clouds
21,Saint George,US,37.1041,-113.5841,81.07,17,1,1.99,clear sky
22,Cidreira,BR,-30.1811,-50.2056,61.02,79,100,11.41,overcast clouds
23,Tiksi,RU,71.6872,128.8694,8.74,89,94,5.93,overcast clouds
24,Punta Arenas,CL,-53.15,-70.9167,42.91,70,40,24.16,scattered clouds
25,Jamestown,US,42.097,-79.2353,58.59,67,40,8.99,scattered clouds
26,Olinda,BR,-8.0089,-34.8553,80.33,74,90,11.5,overcast clouds
27,Severo-Kurilsk,RU,50.6789,156.125,40.05,56,100,0.58,overcast clouds
28,Apa,RO,47.7667,23.2,45.12,75,90,1.61,overcast clouds
29,Ushuaia,AR,-54.8,-68.3,35.26,87,75,20.71,light snow
30,Guanica,PR,17.9716,-66.908,88.14,81,52,1.99,broken clouds
31,Saint-Philippe,RE,-21.3585,55.7679,72.95,75,40,16.35,scattered clouds
32,Caucaia,BR,-3.7361,-38.6531,82.35,74,0,10.36,clear sky
33,Taoudenni,ML,22.6783,-3.9836,89.4,16,88,10.13,overcast clouds
34,Bocas Del Toro,PA,9.3333,-82.25,83.07,79,70,5.41,broken clouds
35,Silifke,TR,36.3778,33.9344,69.15,59,0,10.98,clear sky
36,Souillac,MU,-20.5167,57.5167,73.36,78,40,12.66,scattered clouds
37,Esperance,AU,-33.8667,121.9,51.64,84,1,7.31,clear sky
38,Ulladulla,AU,-35.35,150.4667,62.87,58,0,2.42,clear sky
39,Iranshahr,IR,27.2025,60.6848,68.34,13,0,0.0,clear sky
40,Hobart,AU,-42.8794,147.3294,51.66,73,75,5.75,broken clouds
41,Avarua,CK,-21.2078,-159.775,80.65,78,40,10.36,scattered clouds
42,Port Elizabeth,ZA,-33.918,25.5701,55.69,67,75,13.8,broken clouds
43,Carnarvon,AU,-24.8667,113.6333,64.47,77,90,8.05,overcast clouds
44,Belaya Gora,RU,68.5333,146.4167,6.17,95,90,3.49,overcast clouds
45,Uray,RU,60.1247,64.7758,42.71,84,100,8.21,overcast clouds
46,Comodoro Rivadavia,AR,-45.8667,-67.5,57.06,41,0,11.5,clear sky
47,Tasiilaq,GL,65.6145,-37.6368,22.39,64,97,6.22,overcast clouds
48,Port Alfred,ZA,-33.5906,26.891,57.63,57,52,23.42,broken clouds
49,Hermanus,ZA,-34.4187,19.2345,53.91,68,99,15.64,light rain
50,Bredasdorp,ZA,-34.5322,20.0403,51.28,68,96,8.72,light rain
51,Lompoc,US,34.6391,-120.4579,89.1,10,1,10.36,clear sky
52,Ahuimanu,US,21.4447,-157.8378,82.11,63,40,11.5,scattered clouds
53,Bluff,NZ,-46.6,168.3333,57.29,62,72,12.15,broken clouds
54,Qaanaaq,GL,77.484,-69.3632,21.4,86,100,9.73,overcast clouds
55,Cape Town,ZA,-33.9258,18.4232,54.12,63,75,1.01,broken clouds
56,Kapaa,US,22.0752,-159.319,81.19,73,40,5.99,scattered clouds
57,Tara,RU,56.8944,74.371,36.34,83,5,6.4,clear sky
58,Torrijos,ES,39.9819,-4.2835,67.84,45,100,11.99,light rain
59,Busselton,AU,-33.65,115.3333,58.08,75,100,5.68,overcast clouds
60,Najran,SA,17.4924,44.1277,70.45,21,12,1.12,few clouds
61,Ribeira Grande,PT,38.5167,-28.7,71.91,86,100,36.6,overcast clouds
62,Puerto Ayora,EC,-0.7393,-90.3518,80.56,85,83,8.01,broken clouds
63,College,US,64.8569,-147.8028,29.66,88,75,0.0,broken clouds
64,Zhangjiakou,CN,40.81,114.8794,31.96,24,0,1.59,clear sky
65,Namatanai,PG,-3.6667,152.4333,83.37,73,38,9.69,scattered clouds
66,Kholm,RU,59.2667,32.85,41.29,87,100,11.59,overcast clouds
67,Klyuchevskiy,RU,53.5317,119.4519,16.12,71,96,2.01,overcast clouds
68,Rumonge,BI,-3.9736,29.4386,73.56,78,25,2.66,light rain
69,Leningradskiy,RU,69.3833,178.4167,16.12,95,100,5.61,overcast clouds
70,Palauig,PH,15.435,119.9045,79.72,76,93,3.27,overcast clouds
71,Saint-Joseph,RE,-21.3667,55.6167,71.96,74,21,13.02,few clouds
72,Aipe,CO,3.2222,-75.2367,85.62,61,89,1.7,overcast clouds
73,Pevek,RU,69.7008,170.3133,10.02,84,94,3.11,overcast clouds
74,Usogorsk,RU,63.4106,48.6872,43.2,93,100,9.24,overcast clouds
75,Shingu,JP,33.7333,135.9833,64.0,75,86,6.58,overcast clouds
76,Praia Da Vitoria,PT,38.7333,-27.0667,74.75,94,75,32.57,broken clouds
77,Upernavik,GL,72.7868,-56.1549,20.48,55,68,7.4,broken clouds
78,Faanui,PF,-16.4833,-151.75,80.04,72,36,21.0,scattered clouds
79,Kahului,US,20.8947,-156.47,82.98,69,40,17.27,scattered clouds
80,Hilo,US,19.7297,-155.09,76.8,89,90,6.91,moderate rain
81,Celestun,MX,20.8667,-90.4,84.58,67,87,12.8,overcast clouds
82,Isangel,VU,-19.55,169.2667,77.11,94,100,4.61,heavy intensity rain
83,Saldanha,ZA,-33.0117,17.9442,53.65,57,60,13.31,broken clouds
84,Longyearbyen,SJ,78.2186,15.6401,26.44,46,75,14.97,broken clouds
85,Touros,BR,-5.1989,-35.4608,81.5,80,94,14.94,overcast clouds
86,Ballina,AU,-28.8667,153.5667,64.78,63,17,4.61,few clouds
87,Eyl,SO,7.9803,49.8164,78.6,84,99,12.15,overcast clouds
88,Namibe,AO,-15.1961,12.1522,63.7,85,23,3.42,few clouds
89,Flagstaff,US,35.1981,-111.6513,69.1,23,1,8.99,clear sky
90,Mitsamiouli,KM,-11.3847,43.2844,76.51,79,1,13.38,clear sky
91,Vaini,TO,-21.2,-175.2,75.36,94,75,8.05,light intensity drizzle
92,Barcelona,ES,41.3888,2.159,65.8,83,20,2.3,few clouds
93,Nago,JP,26.5881,127.9761,75.36,75,91,20.96,overcast clouds
94,New Norfolk,AU,-42.7826,147.0587,51.66,55,98,4.63,overcast clouds
95,Tuatapere,NZ,-46.1333,167.6833,56.44,73,81,6.71,broken clouds
96,Jacksonville,US,30.3322,-81.6556,90.03,59,75,1.01,haze
97,Chokurdakh,RU,70.6333,147.9167,-4.72,100,94,3.36,overcast clouds
98,Norman Wells,CA,65.282,-126.8329,28.44,86,75,18.41,light snow
99,Tiznit,MA,29.5833,-9.5,72.64,36,4,1.03,clear sky
100,Laguna,US,38.421,-121.4238,87.64,23,1,1.01,clear sky
101,Saskylakh,RU,71.9167,114.0833,-2.11,100,99,4.7,overcast clouds
102,Vryburg,ZA,-26.9566,24.7284,54.59,20,5,8.28,clear sky
103,Banda,IN,25.4833,80.3333,81.25,71,100,6.42,overcast clouds
104,Tura,IN,25.5198,90.2201,74.41,84,100,2.57,overcast clouds
105,Arraial Do Cabo,BR,-22.9661,-42.0278,73.36,88,75,23.02,broken clouds
106,Tomatlan,MX,19.9333,-105.25,85.15,70,86,5.66,overcast clouds
107,Nyrob,RU,60.733,56.7202,41.41,83,100,9.48,overcast clouds
108,Farafangana,MG,-22.8167,47.8333,70.07,91,15,8.93,few clouds
109,Port Hardy,CA,50.6996,-127.4199,48.38,100,90,4.61,light rain
110,Rotifunk,SL,8.2333,-12.6833,74.97,94,67,1.99,light rain
111,Akyab,MM,20.15,92.9,77.59,89,100,8.63,overcast clouds
112,Bethel,US,41.3712,-73.414,73.49,77,1,11.5,clear sky
113,Meulaboh,ID,4.1363,96.1285,77.65,85,100,5.26,overcast clouds
114,Bati,ET,11.1833,40.0167,66.18,35,10,7.27,clear sky
115,Aksu,CN,41.1231,80.2644,48.45,23,41,2.3,scattered clouds
116,Tanggu,CN,39.0211,117.6469,40.96,37,0,9.01,clear sky
117,Agirish,RU,61.9247,63.0231,41.43,74,98,7.7,overcast clouds
118,Nanakuli,US,21.3906,-158.1547,82.35,61,75,6.91,broken clouds
119,Yellowknife,CA,62.456,-114.3525,38.28,100,90,10.36,mist
120,Anadyr,RU,64.75,177.4833,25.3,73,75,5.99,broken clouds
121,Kavaratti,IN,10.5669,72.642,81.55,80,100,18.32,overcast clouds
122,Shanghai,CN,31.2222,121.4581,59.94,64,0,15.66,light rain
123,Provideniya,RU,64.3833,-173.3,29.88,85,100,24.65,light snow
124,Mpika,ZM,-11.8343,31.4529,69.39,50,75,1.01,broken clouds
125,Adana,TR,36.985,35.2881,72.12,83,40,3.44,scattered clouds
126,Ukiah,US,39.1502,-123.2078,87.53,13,1,9.22,clear sky
127,Progreso,MX,21.2833,-89.6667,89.11,68,40,12.5,scattered clouds
128,Deputatskiy,RU,69.3,139.9,-9.2,100,100,1.95,overcast clouds
129,Hithadhoo,MV,-0.6,73.0833,82.53,72,100,18.23,overcast clouds
130,Narsaq,GL,60.9167,-46.05,44.82,63,54,6.96,broken clouds
131,Nikolskoye,RU,59.7035,30.7861,43.88,77,99,11.77,overcast clouds
132,Creel,MX,27.75,-107.6333,65.46,45,93,10.4,overcast clouds
133,Grindavik,IS,63.8424,-22.4338,37.87,93,90,9.22,overcast clouds
134,Thompson,CA,55.7435,-97.8558,46.56,66,20,11.5,few clouds
135,Salinopolis,BR,-0.6136,-47.3561,81.52,77,63,12.5,broken clouds
136,Hervey Bay,AU,-25.2986,152.8535,70.02,71,0,6.73,clear sky
137,Nanortalik,GL,60.1432,-45.2371,38.89,73,91,2.21,overcast clouds
138,Mahebourg,MU,-20.4081,57.7,73.26,78,40,12.66,scattered clouds
139,La Primavera,CO,5.4906,-70.4092,83.7,76,89,3.69,heavy intensity rain
140,Ferrol,ES,43.4832,-8.2369,63.57,84,100,11.56,overcast clouds
141,Novoagansk,RU,61.9449,76.6625,38.88,93,100,10.09,overcast clouds
142,Hasaki,JP,35.7333,140.8333,68.4,87,48,15.52,scattered clouds
143,Kassala,SD,15.451,36.4,85.6,22,51,6.67,broken clouds
144,Kenai,US,60.5544,-151.2583,39.09,66,1,3.44,clear sky
145,Sheffield,GB,53.383,-1.4659,55.76,87,100,5.97,overcast clouds
146,Paamiut,GL,61.994,-49.6678,37.0,82,0,10.29,clear sky
147,Luena,AO,-11.7833,19.9167,65.98,72,32,4.29,scattered clouds
148,Mayskiy,RU,47.6931,40.1025,58.44,52,100,6.33,overcast clouds
149,Egvekinot,RU,66.3167,-179.1667,16.18,83,47,12.91,scattered clouds
150,Nizwa,OM,22.9333,57.5333,77.88,18,0,3.04,clear sky
151,Lasa,IT,46.6166,10.7002,45.48,81,1,1.19,clear sky
152,Fortuna,US,40.5982,-124.1573,82.18,58,1,3.0,clear sky
153,Lebu,CL,-37.6167,-73.65,53.24,80,100,14.94,overcast clouds
154,Saint-Augustin,CA,51.226,-58.6502,44.76,73,37,6.17,scattered clouds
155,Santa Maria,BR,-29.6842,-53.8069,65.5,77,75,6.91,broken clouds
156,Cururupu,BR,-1.8283,-44.8683,77.45,89,86,3.11,overcast clouds
157,Yulara,AU,-25.2406,130.9889,69.64,24,57,9.22,broken clouds
158,Moerai,PF,-22.4333,-151.3333,77.49,79,7,14.34,clear sky
159,Fairbanks,US,64.8378,-147.7164,29.61,88,90,0.0,overcast clouds
160,Akureyri,IS,65.6835,-18.0878,31.93,69,40,0.0,scattered clouds
161,Bathsheba,BB,13.2167,-59.5167,84.81,79,20,8.05,few clouds
162,Ust-Nera,RU,64.5667,143.2,-0.94,98,51,4.41,broken clouds
163,Padang,ID,-0.9492,100.3543,78.58,81,100,3.85,overcast clouds
164,Bengkulu,ID,-3.8004,102.2655,76.66,85,99,3.02,overcast clouds
165,Uniao,BR,-4.5858,-42.8642,95.02,35,98,2.13,overcast clouds
166,Achacachi,BO,-16.05,-68.6833,52.5,67,10,12.3,clear sky
167,Khasan,RU,42.4308,130.6434,33.28,41,0,16.82,clear sky
168,Khatanga,RU,71.9667,102.5,15.73,94,100,7.14,overcast clouds
169,Batagay-Alyta,RU,67.8006,130.4114,-3.93,89,24,3.94,few clouds
170,Sindor,RU,62.8629,51.8905,42.01,94,100,10.6,overcast clouds
171,Dubai,AE,25.2582,55.3047,85.93,70,0,3.44,clear sky
172,Camacha,PT,33.0833,-16.3333,67.42,78,20,5.75,few clouds
173,Khorramshahr,IR,30.4397,48.1664,84.16,34,0,4.61,clear sky
174,Sao Filipe,CV,14.8961,-24.4956,78.46,79,100,12.53,overcast clouds
175,Matagami,CA,49.7502,-77.6328,50.11,100,90,14.97,moderate rain
176,Geraldton,AU,-28.7667,114.6,52.21,87,75,10.36,broken clouds
177,Nador,MA,35.174,-2.9287,66.45,72,0,1.14,clear sky
178,Aksehir,TR,38.3575,31.4164,54.72,77,82,5.32,broken clouds
179,Estepa,ES,37.2926,-4.879,68.79,33,100,3.38,overcast clouds
180,Wucheng,CN,29.6008,118.175,50.31,87,100,5.84,overcast clouds
181,Carballo,ES,43.213,-8.691,62.76,89,100,8.08,overcast clouds
182,Pacific Grove,US,36.6177,-121.9166,93.58,19,1,5.99,clear sky
183,Acajutla,SV,13.5928,-89.8275,97.14,69,71,6.4,broken clouds
184,Soyo,AO,-6.1349,12.3689,76.93,79,10,8.01,clear sky
185,Lazaro Cardenas,MX,17.9583,-102.2,84.42,77,21,8.12,few clouds
186,Zhangye,CN,38.9342,100.4517,43.54,45,2,4.56,clear sky
187,Savelugu,GH,9.6244,-0.8253,82.11,55,12,4.72,few clouds
188,Hofn,IS,64.2539,-15.2082,34.95,74,100,10.96,light snow
189,Poum,NC,-20.2333,164.0167,76.78,78,21,5.12,few clouds
190,Puro,PH,12.4841,123.3827,79.25,85,70,3.49,broken clouds
191,Marawi,PH,7.9986,124.2928,66.65,94,99,1.92,overcast clouds
192,Carutapera,BR,-1.195,-46.02,79.68,82,54,7.2,broken clouds
193,Hirara,JP,24.8,125.2833,78.03,77,79,35.5,broken clouds
194,Dikson,RU,73.5069,80.5464,30.34,98,100,11.54,snow
195,Codrington,AU,-38.2667,141.9667,52.07,85,96,8.39,overcast clouds
196,San Cristobal,VE,7.7669,-72.225,77.18,67,100,2.19,moderate rain
197,Aklavik,CA,68.2191,-135.0107,25.52,93,75,2.3,broken clouds
198,Basavana Bagevadi,IN,16.5833,75.9667,72.88,83,99,6.24,overcast clouds
199,Ilulissat,GL,69.2167,-51.1,24.82,33,4,11.5,clear sky
200,Iskateley,RU,67.6803,53.1512,36.75,97,100,12.08,overcast clouds
201,Mattawa,US,46.7379,-119.9028,69.69,34,75,4.85,broken clouds
202,Cabo San Lucas,MX,22.8909,-109.9124,90.61,58,20,5.75,few clouds
203,Homer,US,59.6425,-151.5483,39.09,74,40,9.22,scattered clouds
204,Kodiak,US,57.79,-152.4072,42.31,49,1,8.05,clear sky
205,Griffith,US,41.5284,-87.4237,61.14,42,40,1.01,scattered clouds
206,Sorong,ID,-0.8833,131.25,81.84,81,100,14.88,light rain
207,Klaksvik,FO,62.2266,-6.589,41.92,63,96,7.34,overcast clouds
208,Samana,DO,19.2056,-69.3369,88.02,84,40,6.91,thunderstorm
209,San Policarpo,PH,12.1791,125.5072,79.38,85,60,4.56,broken clouds
210,Katsuura,JP,35.1333,140.3,73.42,87,19,14.14,few clouds
211,Gavrilovka Vtoraya,RU,52.877,42.7663,47.44,60,100,8.03,light rain
212,Puerto Escondido,MX,15.85,-97.0667,90.43,55,20,6.91,few clouds
213,Akalgarh,IN,29.8167,75.8833,76.01,38,3,4.38,clear sky
214,Castro,BR,-24.7911,-50.0119,64.67,89,69,5.06,broken clouds
215,Kulhudhuffushi,MV,6.6221,73.07,81.93,76,100,23.02,overcast clouds
216,Nome,US,64.5011,-165.4064,29.16,86,75,16.11,light snow
217,Qianan,CN,44.9932,124.0581,22.66,43,6,7.49,clear sky
218,Billings,US,45.7833,-108.5007,70.5,29,20,23.02,few clouds
219,Kollam,IN,8.8833,76.6,80.47,91,100,15.28,overcast clouds
220,Saint-Georges,GD,12.0564,-61.7485,85.68,74,20,16.11,few clouds
221,Vostok,RU,46.4856,135.8833,17.96,79,100,10.71,overcast clouds
222,La Orilla,MX,17.9833,-102.2333,84.04,78,22,8.01,few clouds
223,Champaign,US,40.1334,-88.2001,60.87,46,1,4.0,clear sky
224,Guerrero Negro,MX,27.9769,-114.0611,85.87,22,0,8.01,clear sky
225,Lipin Bor,RU,60.2622,37.9763,40.51,78,92,17.25,overcast clouds
226,Alice Springs,AU,-23.7,133.8833,60.35,33,39,0.0,scattered clouds
227,Tanete,ID,-3.9443,119.7848,75.49,94,75,2.68,broken clouds
228,Udachnyy,RU,66.4167,112.4,8.51,97,96,3.6,overcast clouds
229,Siavonga,ZM,-16.5382,28.7088,81.66,35,0,4.56,clear sky
230,Komsomolskiy,UZ,40.4272,71.7189,51.22,57,9,6.91,clear sky
231,Richards Bay,ZA,-28.783,32.0377,66.83,84,100,10.47,light rain
232,Ponta Do Sol,PT,32.6667,-17.1,72.72,55,85,3.67,overcast clouds
233,Rafai,CF,4.95,23.9167,69.58,98,100,1.61,light rain
234,Salalah,OM,17.0151,54.0924,77.09,61,0,3.44,clear sky
235,Mori,JP,34.8333,137.9333,68.45,77,83,8.93,broken clouds
236,Butaritari,KI,3.0707,172.7902,81.48,70,9,14.2,clear sky
237,Porangatu,BR,-13.4408,-49.1486,78.67,65,94,4.76,overcast clouds
238,Zaysan,KZ,47.4667,84.8667,43.79,37,1,3.62,clear sky
239,Filadelfia,US,39.9523,-75.1638,67.14,81,90,4.0,light rain
240,Kaitangata,NZ,-46.2817,169.8464,61.18,52,43,5.12,scattered clouds
241,Alihe,CN,50.5667,123.7167,20.41,55,70,3.4,broken clouds
242,Rorvik,NO,64.8621,11.2373,46.13,57,99,25.99,overcast clouds
243,Matara,LK,5.9485,80.5353,78.24,88,91,13.78,overcast clouds
244,Iqaluit,CA,63.7506,-68.5145,31.73,80,1,0.0,clear sky
245,Sola,VU,-13.8833,167.55,81.27,89,90,0.0,overcast clouds
246,Awbari,LY,26.5921,12.7805,71.74,29,0,9.24,clear sky
247,Vastseliina,EE,57.7303,27.2932,43.45,86,72,13.42,broken clouds
248,Whitianga,NZ,-36.8333,175.7,63.01,75,100,14.9,light rain
249,Pasighat,IN,28.0667,95.3333,78.31,70,68,3.0,broken clouds
250,Imeni Zhelyabova,RU,58.9544,36.5956,39.15,84,92,10.98,overcast clouds
251,Taylorville,US,39.5489,-89.2945,63.01,36,1,16.11,clear sky
252,Katobu,ID,-4.9408,122.5276,76.66,89,13,2.95,few clouds
253,Chara,RU,56.9064,118.2631,17.28,67,93,3.0,overcast clouds
254,Gat,IL,31.61,34.7642,72.39,53,92,5.19,overcast clouds
255,Ust-Uda,RU,54.1742,103.0304,31.48,71,97,3.71,overcast clouds
256,Flinders,AU,-34.5833,150.8552,63.05,60,0,1.99,clear sky
257,Antalaha,MG,-14.9003,50.2788,71.51,75,53,6.44,light rain
258,Vao,NC,-22.6667,167.4833,72.73,90,54,6.87,broken clouds
259,Petropavl,KZ,54.8753,69.1628,42.28,72,58,6.96,broken clouds
260,Nuevitas,CU,21.5453,-77.2644,81.84,78,12,6.46,few clouds
261,Gold Coast,AU,-28.0,153.4333,70.0,52,0,1.03,clear sky
262,Tambopata,PE,-12.7333,-69.1833,74.82,76,100,6.06,overcast clouds
263,Muisne,EC,0.6,-80.0333,80.71,79,79,8.88,broken clouds
264,Springbok,ZA,-29.6643,17.8865,41.27,78,0,5.35,clear sky
265,Vardo,NO,70.3705,31.1107,40.75,96,100,21.7,overcast clouds
266,Vestmannaeyjar,IS,63.4427,-20.2734,41.04,83,100,27.0,overcast clouds
267,Dawson Creek,CA,55.7666,-120.2362,38.84,93,90,9.22,overcast clouds
268,Roald,NO,62.5833,6.1333,40.15,62,97,13.15,overcast clouds
269,Port Macquarie,AU,-31.4333,152.9167,67.89,46,1,4.7,clear sky
270,Los Llanos De Aridane,ES,28.6585,-17.9182,74.12,56,0,5.75,clear sky
271,Nouakchott,MR,18.0858,-15.9785,90.99,23,23,6.29,few clouds
272,Broome,US,42.2506,-75.833,58.46,81,90,1.01,moderate rain
273,Newport,GB,51.5877,-2.9984,56.62,90,99,9.51,overcast clouds
274,Namie,JP,37.4833,141.0,63.97,88,100,11.95,overcast clouds
275,Maniitsoq,GL,65.4167,-52.9,36.09,51,1,7.67,clear sky
276,Sept-Iles,CA,50.2001,-66.3821,49.05,89,90,11.99,overcast clouds
277,Saint-Pierre,RE,-21.3393,55.4781,73.04,68,0,5.75,clear sky
278,Banamba,ML,13.55,-7.45,83.12,49,54,6.73,broken clouds
279,Brigantine,US,39.4101,-74.3646,73.65,85,1,17.27,clear sky
280,Aykhal,RU,66.0,111.5,7.14,98,92,4.07,overcast clouds
281,Pathein,MM,16.7833,94.7333,74.32,99,100,3.56,overcast clouds
282,Nanjing,CN,32.0617,118.7778,48.76,73,34,8.61,light rain
283,Roma,US,43.2128,-75.4557,59.43,94,90,1.99,heavy intensity rain
284,Waipawa,NZ,-41.4122,175.5153,57.45,60,100,15.08,overcast clouds
285,Santiago Del Estero,AR,-27.7951,-64.2615,73.8,26,1,5.95,clear sky
286,Shahrud,IR,36.4182,54.9763,54.75,44,0,0.89,clear sky
287,Ucluelet,CA,48.9329,-125.5528,54.95,94,100,3.85,moderate rain
288,Upington,ZA,-28.4478,21.2561,57.58,35,5,11.5,clear sky
289,Volchikha,RU,52.0333,80.3833,37.49,75,50,0.65,scattered clouds
290,Marrakesh,MA,31.6315,-8.0083,78.87,36,17,6.91,few clouds
291,Margate,GB,51.3813,1.3862,56.91,86,98,14.0,overcast clouds
292,Sitka,US,57.0531,-135.33,46.29,66,75,8.05,broken clouds
293,Yar-Sale,RU,66.8333,70.8333,39.09,92,100,15.52,overcast clouds
294,Lavrentiya,RU,65.5833,-171.0,29.26,79,99,18.97,overcast clouds
295,Arman,RU,59.7,150.1667,16.05,55,9,8.41,clear sky
296,Chiredzi,ZW,-21.05,31.6667,80.83,49,0,8.32,clear sky
297,Biak,ID,-0.9131,122.8766,77.07,82,90,0.27,overcast clouds
298,Rincon,US,32.296,-81.2354,85.96,61,75,9.22,broken clouds
299,Salto Del Guaira,PY,-24.0625,-54.3069,67.6,89,70,6.89,broken clouds
300,Luanda,AO,-8.8368,13.2343,75.2,83,20,5.75,few clouds
301,Zyryanka,RU,65.75,150.85,12.51,91,96,9.64,overcast clouds
302,Hualmay,PE,-11.0964,-77.6139,65.77,80,81,10.83,broken clouds
303,Sechura,PE,-5.5569,-80.8222,72.37,66,100,18.07,overcast clouds
304,Sheregesh,RU,52.9209,87.9869,30.99,80,64,2.55,broken clouds
305,Teguise,ES,29.0605,-13.564,71.82,57,0,6.91,clear sky
306,Sayaxche,GT,16.5167,-90.1667,84.36,67,40,4.68,scattered clouds
307,Waddan,LY,29.1614,16.139,66.88,30,0,9.42,clear sky
308,Reitz,ZA,-27.8014,28.4273,54.64,35,100,5.68,overcast clouds
309,Cranbourne,AU,-38.1,145.2833,55.4,78,94,1.99,overcast clouds
310,Kieta,PG,-6.2167,155.6333,83.26,76,69,4.59,light rain
311,Lufilufi,WS,-13.8745,-171.5986,83.98,70,42,17.43,scattered clouds
312,Zapolyarnyy,RU,69.4154,30.8136,38.48,98,100,11.01,light rain
313,Opuwo,NA,-18.0607,13.84,67.23,25,0,4.29,clear sky
314,Barreirinhas,BR,-2.7469,-42.8264,81.19,79,67,9.35,broken clouds
315,Manama,BH,26.2154,50.5832,84.18,84,1,3.44,clear sky
316,Dingle,PH,10.9995,122.6711,76.08,91,22,2.95,few clouds
317,Pitogo,PH,13.7847,122.0881,77.9,91,93,5.91,overcast clouds
318,Kimparana,ML,12.8347,-4.9244,82.42,50,97,6.96,overcast clouds
319,Ostrovnoy,RU,68.0531,39.5131,38.98,76,99,15.99,overcast clouds
320,Rawson,AR,-43.3002,-65.1023,58.77,41,90,11.12,overcast clouds
321,Mahina,PF,-17.5065,-149.489,85.77,58,20,21.85,light rain
322,Buala,SB,-8.145,159.5921,83.75,67,94,4.99,overcast clouds
323,Kruisfontein,ZA,-34.0033,24.7314,51.89,58,81,18.95,broken clouds
324,Kismayo,SO,-0.3582,42.5454,78.08,81,4,15.05,clear sky
325,Otjimbingwe,NA,-22.35,16.1333,63.3,22,0,3.53,clear sky
326,Palana,RU,59.1167,159.9667,24.89,87,100,15.21,light snow
327,Zabol,AF,32.25,67.25,52.77,14,0,7.09,clear sky
328,Voyvozh,RU,62.892,54.9635,39.76,90,100,11.05,overcast clouds
329,Kinkala,CG,-4.3614,14.7644,76.26,72,97,3.74,overcast clouds
330,Oberwart,AT,47.2897,16.206,51.44,83,61,2.42,broken clouds
331,Podporozhye,RU,60.9112,34.1706,41.31,84,85,14.14,overcast clouds
332,Karymskoye,RU,51.6167,114.35,25.5,81,27,4.68,scattered clouds
333,Kazerun,IR,29.6195,51.6541,75.2,22,0,3.96,clear sky
334,Buraydah,SA,26.326,43.975,77.45,15,0,4.05,clear sky
335,Loanda,AO,-8.8368,13.2343,75.2,83,20,5.75,few clouds
336,Walvis Bay,NA,-22.9575,14.5053,56.08,66,0,5.75,clear sky
337,Ozernovskiy,RU,51.5,156.5167,38.16,61,54,6.64,broken clouds
338,Stokmarknes,NO,68.5646,14.9108,41.49,70,100,8.1,light rain
339,Xichang,CN,27.8964,102.2634,53.4,91,100,0.89,overcast clouds
340,Luderitz,NA,-26.6481,15.1594,55.92,60,34,24.58,scattered clouds
341,Manicore,BR,-5.8092,-61.3003,86.07,59,98,3.71,overcast clouds
342,Vanimo,PG,-2.6741,141.3028,79.79,87,70,4.29,light rain
343,Morondava,MG,-20.2833,44.2833,75.0,86,0,4.85,clear sky
344,Union,US,40.6334,-74.2663,73.81,76,90,13.8,overcast clouds
345,Mehran,IR,33.1222,46.1646,78.28,24,5,8.12,clear sky
346,Yinchuan,CN,38.4681,106.2731,44.56,40,0,7.11,clear sky
347,Barcelos,PT,41.5388,-8.6151,62.28,87,100,5.06,overcast clouds
348,Malatya,TR,38.5,38.0,48.25,54,0,2.3,clear sky
349,Pangnirtung,CA,66.1451,-65.7125,29.59,61,3,5.88,clear sky
350,Bandarbeyla,SO,9.4942,50.8122,77.86,89,77,11.95,broken clouds
351,Ola,RU,59.5833,151.2833,17.85,52,3,10.25,clear sky
352,Victoria,HK,22.2855,114.1577,75.33,79,43,5.99,scattered clouds
353,Oranjestad,AW,12.524,-70.027,85.95,79,75,11.5,broken clouds
354,Henties Bay,NA,-22.116,14.2845,55.85,86,0,10.8,clear sky
355,Pochutla,MX,15.7432,-96.4661,88.83,61,27,6.38,scattered clouds
356,Banjar,ID,-8.19,114.9675,80.46,92,81,5.93,broken clouds
357,Porto Franco,BR,-6.3383,-47.3992,86.14,44,99,4.83,overcast clouds
358,Kushima,JP,31.4583,131.2333,68.04,82,99,7.14,overcast clouds
359,Auki,SB,-8.7676,160.7034,83.16,69,80,1.72,broken clouds
360,Damaturu,NG,11.747,11.9608,77.52,77,93,3.56,light rain
361,Pisco,PE,-13.7,-76.2167,68.05,68,0,24.16,clear sky
362,Pastos Bons,BR,-6.6017,-44.0767,87.03,28,95,3.02,overcast clouds
363,San Felipe,VE,10.3399,-68.7425,80.42,80,64,3.96,broken clouds
364,Teguldet,RU,57.3064,88.1667,32.02,82,15,3.31,few clouds
365,San Patricio,US,28.017,-97.5169,79.21,36,1,14.63,clear sky
366,Shangzhi,CN,45.2167,127.9667,23.2,48,3,9.13,clear sky
367,Alofi,NU,-19.0595,-169.9187,78.12,71,31,12.93,scattered clouds
368,Trinidad,BO,-14.8333,-64.9,73.38,56,100,6.91,light rain
369,Russell,US,32.3502,-85.1999,74.48,50,1,13.8,clear sky
370,Quatre Cocos,MU,-20.2078,57.7625,73.09,72,2,13.71,clear sky
371,Mandal,IN,25.45,74.5667,77.52,32,99,3.98,overcast clouds
372,Shirokiy,RU,49.758,129.523,19.06,75,2,10.2,clear sky
373,Acapulco,MX,16.8634,-99.8901,85.82,79,90,6.91,overcast clouds
374,Arauca,CO,7.0847,-70.7591,81.12,84,50,4.74,scattered clouds
375,Bambanglipuro,ID,-7.95,110.2833,61.61,83,79,2.82,broken clouds
376,Korla,CN,41.7597,86.1469,48.43,35,4,1.81,clear sky
377,Potosi,BO,-19.5836,-65.7531,59.49,6,7,17.05,clear sky
378,Mayumba,GA,-3.432,10.6554,76.6,85,99,6.22,overcast clouds
379,Kijang,KR,35.2442,129.2139,44.33,50,69,10.07,broken clouds
380,Longhua,CN,23.6137,114.1919,63.88,82,94,5.12,overcast clouds
381,Srednekolymsk,RU,67.45,153.6833,4.39,98,89,6.58,overcast clouds
382,Husavik,IS,66.0449,-17.3389,31.91,82,97,2.77,overcast clouds
383,Bobcaygeon,CA,44.5462,-78.542,54.86,88,100,8.95,overcast clouds
384,Ivdel,RU,60.6911,60.4206,40.51,77,63,5.37,broken clouds
385,Saquarema,BR,-22.92,-42.5103,75.22,95,79,6.85,broken clouds
386,Alberton,CA,46.8168,-64.0654,59.13,89,100,12.19,overcast clouds
387,Derzhavinsk,KZ,51.1,66.3167,46.72,56,88,7.2,overcast clouds
388,Dourados,BR,-22.2211,-54.8056,69.89,85,100,3.6,overcast clouds
389,Constantine,DZ,36.365,6.6147,53.01,76,0,2.3,clear sky
390,San Jeronimo,PE,-11.9472,-75.2829,58.8,61,95,6.46,overcast clouds
391,Mehamn,NO,71.0357,27.8492,38.17,95,100,25.72,light rain
392,Chkalovskoye,RU,44.8392,133.0436,29.59,48,88,13.89,overcast clouds
393,Boa Vista,BR,2.8197,-60.6733,94.98,36,20,9.22,few clouds
394,Chuy,UY,-33.6971,-53.4616,50.86,68,34,5.77,scattered clouds
395,Ciudad Bolivar,VE,8.1222,-63.5497,89.71,46,32,3.65,scattered clouds
396,Helong,CN,42.5397,128.9972,24.31,42,0,10.71,clear sky
397,Haines Junction,CA,60.7522,-137.5108,31.95,55,18,2.3,few clouds
398,Debre Tabor,ET,11.85,38.0167,50.32,83,22,1.63,few clouds
399,Tautira,PF,-17.7333,-149.15,86.02,77,53,22.53,light rain
400,Pedasi,PA,7.5333,-80.0333,77.07,89,100,4.79,overcast clouds
401,Valverde Del Camino,ES,37.5751,-6.7543,69.03,44,100,5.01,overcast clouds
402,Karakol,KG,42.4907,78.3936,39.33,39,15,3.78,few clouds
403,Hauterive,FR,46.0901,3.4459,47.16,86,0,2.46,clear sky
404,Talnakh,RU,69.4865,88.3972,29.52,94,100,15.73,light snow
405,Ahipara,NZ,-35.1667,173.1667,61.61,83,100,16.26,moderate rain
406,Siverek,TR,37.755,39.3167,65.01,47,0,5.79,clear sky
407,San Jose,US,37.3394,-121.895,90.3,19,1,4.61,clear sky
408,Myitkyina,MM,25.3833,97.4,74.39,94,95,1.12,overcast clouds
409,Keti Bandar,PK,24.1447,67.4497,80.33,56,0,10.31,clear sky
410,Marsabit,KE,2.3284,37.9899,71.31,51,94,10.85,overcast clouds
411,Amboasary,MG,-25.0333,46.3833,73.24,66,0,10.42,clear sky
412,Fort-Shevchenko,KZ,44.5086,50.263,60.3,33,63,17.13,broken clouds
413,Nsanje,MW,-16.92,35.262,81.64,50,1,2.91,clear sky
414,Bac Lieu,VN,9.285,105.7244,78.19,86,100,4.81,overcast clouds
415,Aberdeen,GB,57.1437,-2.0981,45.21,94,75,8.05,moderate rain
416,Ancud,CL,-41.8697,-73.8203,53.13,84,100,10.2,overcast clouds
417,Baoding,CN,38.8511,115.4903,39.56,60,0,6.58,clear sky
418,Cherskiy,RU,68.75,161.3,-13.2,100,48,4.07,scattered clouds
419,North Bend,US,43.4065,-124.2243,70.92,77,1,3.44,clear sky
420,Tvoroyri,FO,61.5556,-6.8111,42.19,70,96,14.16,overcast clouds
421,Zhigansk,RU,66.7697,123.3711,7.11,98,98,1.74,overcast clouds
422,Seoul,KR,37.5683,126.9778,35.08,51,0,12.66,clear sky
423,Ourem,PT,39.6417,-8.5919,62.6,73,100,1.32,overcast clouds
424,Atar,MR,20.5169,-13.0499,89.69,14,100,8.77,overcast clouds
425,Oia,PT,40.5426,-8.5386,63.12,67,100,4.23,light rain
426,Port Lincoln,AU,-34.7333,135.8667,56.39,73,71,10.09,broken clouds
427,San Rafael,AR,-34.6177,-68.3301,73.58,11,2,16.71,clear sky
428,Saint Anthony,US,45.0205,-93.218,64.42,33,1,3.0,clear sky
429,Saint-Louis,SN,16.3333,-15.0,89.24,14,95,2.98,overcast clouds
430,Clyde River,CA,70.4692,-68.5914,28.63,93,75,14.97,broken clouds
431,Usinsk,RU,65.9939,57.5281,36.43,96,100,18.05,overcast clouds
432,Coihaique,CL,-45.5752,-72.0662,52.41,50,75,13.8,broken clouds
433,Waingapu,ID,-9.6567,120.2641,80.6,80,67,0.69,broken clouds
434,Villa Carlos Paz,AR,-31.4241,-64.4978,69.39,31,0,8.99,clear sky
435,Taunggyi,MM,20.7833,97.0333,62.33,92,100,4.14,overcast clouds
436,Vila Velha,BR,-20.3297,-40.2925,78.75,83,40,18.41,scattered clouds
437,Quixere,BR,-5.0742,-37.9886,80.38,66,39,12.08,scattered clouds
438,Qaqortoq,GL,60.7167,-46.0333,45.1,77,28,2.62,scattered clouds
439,Port Blair,IN,11.6667,92.75,80.08,87,83,14.81,broken clouds
440,Mackay,AU,-21.15,149.2,77.68,68,0,5.75,clear sky
441,Naze,JP,28.3667,129.4833,69.89,76,86,24.58,overcast clouds
442,Sakakah,SA,29.9697,40.2064,80.17,14,0,8.77,clear sky
443,George,ZA,-33.963,22.4617,51.35,76,90,11.5,overcast clouds
444,Caravelas,BR,-17.7125,-39.2481,76.03,80,74,11.95,broken clouds
445,Bokoro,TD,12.3807,17.0568,82.11,61,85,6.87,light rain
446,Sanmenxia,CN,34.7747,111.1814,43.75,73,2,8.52,light rain
447,Kon Tum,VN,14.35,108.0,70.05,99,100,0.43,heavy intensity rain
448,Taltal,CL,-25.4,-70.4833,61.59,68,20,5.97,few clouds
449,Labuan,MY,5.2767,115.2417,77.36,88,40,0.0,scattered clouds
450,Samarai,PG,-10.6167,150.6667,82.4,79,33,11.41,scattered clouds
451,Half Moon Bay,US,37.4636,-122.4286,90.34,28,1,0.0,clear sky
452,Belmonte,BR,-15.8631,-38.8828,79.3,82,65,9.95,broken clouds
453,Jonuta,MX,18.0833,-92.1333,88.65,82,99,6.17,overcast clouds
454,Chifeng,CN,42.2683,118.9636,28.92,29,0,8.46,clear sky
455,Cotonou,BJ,6.3654,2.4183,76.98,94,40,4.61,thunderstorm with light rain
456,Panama City,PA,8.9936,-79.5197,82.38,84,75,3.44,broken clouds
457,Kavieng,PG,-2.5744,150.7967,83.8,70,97,13.44,overcast clouds
458,Petrinja,HR,45.4375,16.29,47.12,93,56,1.57,broken clouds
459,Abong Mbang,CM,3.9833,13.1833,68.05,99,94,2.19,overcast clouds
460,Cajamarca,PE,-7.1638,-78.5003,60.87,72,75,6.91,moderate rain
461,Sorland,NO,67.667,12.6934,41.76,69,78,11.14,broken clouds
462,Kaupanger,NO,61.1845,7.2404,39.09,92,98,3.4,overcast clouds
463,Ouadda,CF,8.0777,22.4007,69.39,95,87,0.69,overcast clouds
464,Nuuk,GL,64.1835,-51.7216,36.21,60,0,9.22,clear sky
465,Portoviejo,EC,-1.05,-80.45,78.21,59,36,11.32,scattered clouds
466,Port-Cartier,CA,50.0334,-66.8654,48.74,92,100,19.17,overcast clouds
467,Laramie,US,41.3114,-105.5911,62.69,26,1,6.91,clear sky
468,Esmeralda,CU,21.8525,-78.1169,81.64,84,20,6.49,few clouds
469,Barbacoas,CO,1.6715,-78.1398,77.4,93,97,2.75,moderate rain
470,Constitucion,CL,-35.3333,-72.4167,55.74,75,78,17.4,broken clouds
471,Tempio Pausania,IT,40.8974,9.1035,55.8,66,58,2.57,broken clouds
472,Moron,AR,-34.6534,-58.6198,68.0,41,1,4.0,clear sky
473,Abu Samrah,SY,35.3029,37.1841,65.95,62,12,11.03,few clouds
474,Vanavara,RU,60.34,102.2797,24.17,96,13,3.33,few clouds
475,Robinson,US,31.4677,-97.1147,74.01,29,1,5.01,clear sky
476,Bentiu,SS,9.2333,29.8333,74.88,84,86,5.01,overcast clouds
477,Shuya,RU,56.8487,41.3883,41.43,90,73,7.94,broken clouds
478,Terra Santa,BR,-2.1042,-56.4869,90.97,35,86,4.54,overcast clouds
479,Cabo Rojo,PR,18.0866,-67.1457,87.91,79,56,1.01,broken clouds
480,Seminole,US,28.7086,-81.2081,90.5,64,1,1.01,clear sky
481,Kalmunai,LK,7.4167,81.8167,80.08,70,99,7.23,light rain
482,Smithers,CA,54.7804,-127.1743,39.52,75,75,3.44,broken clouds
483,Grand-Lahou,CI,5.1367,-5.0242,78.1,88,10,8.03,clear sky
484,Zhaotong,CN,27.3167,103.7167,42.78,92,100,1.92,overcast clouds
485,Amuntai,ID,-2.4177,115.2494,74.52,97,94,1.41,overcast clouds
486,Midland,US,31.9974,-102.0779,72.05,15,1,6.91,clear sky
487,Prescott,US,34.54,-112.4685,73.89,19,1,1.99,clear sky
488,Nizhnyaya Poyma,RU,56.1622,97.1933,28.94,81,9,1.59,clear sky
489,Gizo,SB,-8.103,156.8419,83.53,71,43,5.97,scattered clouds
490,Qingdao,CN,36.0986,120.3719,38.8,75,0,6.71,light rain
491,Kirakira,SB,-10.4544,161.9205,83.48,72,82,3.94,broken clouds
492,Fort Nelson,CA,58.8053,-122.7002,42.39,42,40,0.0,scattered clouds
493,Mezen,RU,65.8522,44.24,36.48,92,67,9.53,broken clouds
494,Wakkanai,JP,45.4094,141.6739,42.12,60,100,28.81,overcast clouds
495,Stettler,CA,52.3168,-112.7186,67.75,32,12,11.5,few clouds
496,Temir,KZ,49.1414,57.13,49.01,40,95,6.53,overcast clouds
497,Kavali,IN,14.9167,79.9833,81.81,76,68,4.7,broken clouds
498,New Glasgow,CA,45.5834,-62.6486,61.03,82,69,5.19,broken clouds
499,Trincomalee,LK,8.5711,81.2335,81.12,75,47,21.03,scattered clouds
500,Mahibadhoo,MV,3.7833,72.9667,81.97,78,99,24.83,light rain
501,Dalvik,IS,65.9702,-18.5286,31.93,86,95,3.47,overcast clouds
502,Green River,US,41.5286,-109.4662,61.14,26,4,1.99,clear sky
503,Keetmanshoop,NA,-26.5833,18.1333,56.32,28,0,7.54,clear sky
504,Warrington,GB,53.3925,-2.5802,55.87,89,0,3.0,clear sky
505,Lakatoro,VU,-16.0999,167.4164,82.47,76,98,6.29,overcast clouds
506,Necochea,AR,-38.5473,-58.7368,57.45,67,1,10.76,clear sky
507,Colares,PT,38.7992,-9.4469,66.79,75,100,1.01,overcast clouds
508,Maria Aurora,PH,15.7967,121.4737,73.72,96,70,1.68,broken clouds
509,Bingol,TR,38.8847,40.4939,56.68,36,0,2.42,clear sky
510,Kidal,ML,18.4411,1.4078,86.32,11,2,9.98,clear sky
511,Georgetown,MY,5.4112,100.3354,80.89,90,20,3.0,few clouds
512,Sao Miguel Do Araguaia,BR,-13.275,-50.1628,83.23,54,92,5.93,moderate rain
513,Kushmurun,KZ,52.4503,64.6311,44.85,85,22,6.87,few clouds
514,Flin Flon,CA,54.7682,-101.865,57.04,35,20,11.5,few clouds
515,Mount Isa,AU,-20.7333,139.5,64.17,39,0,6.91,clear sky
516,Helena,US,46.5927,-112.0361,71.35,28,1,1.99,clear sky
517,Catalina,US,32.5056,-110.9211,87.66,17,74,1.99,broken clouds
518,Bicske,HU,47.4842,18.644,45.46,68,2,2.75,clear sky
519,Argelia,CO,2.2556,-77.2488,68.43,96,91,3.36,light rain
520,Rantauprapat,ID,2.1,99.8333,73.83,97,100,2.89,overcast clouds
521,Pavilosta,LV,56.8879,21.1859,51.75,75,91,22.19,overcast clouds
522,Coahuayana,MX,18.7333,-103.6833,86.34,68,60,5.5,broken clouds
523,Faya,SA,18.3851,42.4509,64.51,21,33,6.29,scattered clouds
524,Qinzhou,CN,21.95,108.6167,61.18,80,56,18.95,broken clouds
525,Khani,GE,41.9563,42.9566,51.37,75,3,3.65,clear sky
526,Kazachinskoye,RU,57.6953,93.2761,32.2,94,27,2.35,scattered clouds
527,Honiara,SB,-9.4333,159.95,83.32,71,78,2.28,broken clouds
528,Ostersund,SE,63.1792,14.6357,34.61,86,20,20.71,few clouds
529,Mapiripan,CO,2.8892,-72.1256,74.91,93,100,7.58,moderate rain
530,Jumla,NP,29.2747,82.1838,52.83,55,5,5.48,clear sky
531,Birpur,IN,26.5167,87.0167,78.31,72,100,7.29,overcast clouds
532,Jimo,CN,36.3897,120.4622,38.98,75,0,6.71,light rain
533,Bay Roberts,CA,47.5999,-53.2648,46.33,91,100,5.01,overcast clouds
534,Ishigaki,JP,24.3448,124.1572,73.53,88,75,21.85,broken clouds
535,Petropavlovsk-Kamchatskiy,RU,53.0452,158.6483,34.39,48,0,13.42,clear sky
536,Mount Gambier,AU,-37.8333,140.7667,48.11,100,90,5.75,overcast clouds
537,Warwick,US,41.7001,-71.4162,72.86,87,75,17.27,broken clouds
538,Gamba,GA,-2.65,10.0,75.97,87,99,5.53,overcast clouds
539,Masvingo,ZW,-20.0637,30.8277,76.69,25,0,10.8,clear sky
540,Jishou,CN,28.3167,109.7167,53.42,90,100,3.67,overcast clouds
541,Pachino,IT,36.7186,15.0907,60.84,73,92,10.74,overcast clouds
542,Hamilton,US,39.1834,-84.5333,60.85,51,20,4.0,few clouds
543,Kyzyl-Suu,KG,42.3414,78.0056,41.61,41,15,7.83,few clouds
544,Belmopan,BZ,17.25,-88.7667,91.78,52,22,7.38,few clouds
545,Borogontsy,RU,62.6683,131.1683,11.79,97,92,0.51,overcast clouds
546,Rusape,ZW,-18.5278,32.1284,68.16,39,80,4.59,broken clouds
547,Belyy Yar,RU,53.6039,91.3903,22.89,93,9,4.47,smoke
548,Pasco,US,28.292,-82.4165,89.44,63,13,4.0,few clouds
549,Westport,US,41.1415,-73.3579,73.45,72,1,1.99,clear sky
550,Kawalu,ID,-7.3817,108.2082,73.44,95,100,1.43,light rain
551,Aswan,EG,24.0934,32.907,88.9,16,0,16.11,clear sky
552,Lata,PT,40.1629,-8.3327,63.01,86,100,1.92,overcast clouds
553,Chipiona,ES,36.7366,-6.437,68.31,88,0,2.3,clear sky
554,Rozkishne,UA,48.5074,39.3004,51.1,59,100,3.74,overcast clouds
555,Iroquois Falls,CA,48.7669,-80.6831,51.94,74,100,9.48,overcast clouds
556,Batticaloa,LK,7.7102,81.6924,81.46,66,100,1.81,overcast clouds
557,Sao Joao Da Barra,BR,-21.6403,-41.0511,77.09,95,100,14.7,overcast clouds
558,Kargasok,RU,59.0556,80.8572,36.05,91,3,6.22,clear sky
559,Okhotsk,RU,59.3833,143.3,15.64,72,10,9.24,clear sky
560,Lugus,PH,5.7036,120.8203,82.63,78,63,6.98,broken clouds
561,Palora,EC,-1.7,-77.9333,80.58,76,65,2.8,light rain
562,Vestmanna,FO,62.1564,-7.1664,40.12,81,90,1.14,overcast clouds
563,Cacoal,BR,-11.4386,-61.4472,71.98,97,100,8.84,heavy intensity rain
564,Guanare,VE,9.0418,-69.7421,89.62,58,97,3.44,overcast clouds
565,Yeppoon,AU,-23.1333,150.7333,69.58,50,0,4.56,clear sky
566,Dubrovka,RU,53.6907,33.5071,37.38,95,10,7.85,clear sky
567,Rapid Valley,US,44.0625,-103.1463,68.65,31,1,10.36,clear sky
568,Ngunguru,NZ,-35.6167,174.5,63.16,77,100,19.17,overcast clouds
569,Popondetta,PG,-8.7537,148.2534,77.22,89,100,1.81,overcast clouds
570,Tongliao,CN,43.6125,122.2653,25.9,36,5,8.12,clear sky
571,High Rock,BS,26.6208,-78.2833,82.42,66,14,10.76,few clouds
572,Bubaque,GW,11.2833,-15.8333,82.89,74,19,9.37,few clouds
573,Berlevag,NO,70.8578,29.0864,38.97,98,100,28.68,light rain
574,Sumbe,AO,-11.2061,13.8437,73.13,82,24,6.13,few clouds
575,Dire,ML,12.2833,-10.9667,78.64,65,60,2.89,broken clouds
576,Deer Lake,CA,49.1667,-57.4316,49.86,76,40,4.61,scattered clouds
577,Nelson Bay,AU,-32.7167,152.15,64.76,60,0,3.0,clear sky
578,Leshukonskoye,RU,64.8989,45.7622,39.13,85,100,8.9,overcast clouds
579,Elbistan,TR,38.2059,37.1983,55.54,63,0,3.58,clear sky
580,Ketchikan,US,55.3422,-131.6461,45.07,70,75,0.0,broken clouds
581,Krivosheino,RU,57.3431,83.9261,35.42,92,0,2.44,clear sky
582,Baran,IN,25.1,76.5167,76.32,67,69,5.41,broken clouds
583,Luba,GQ,3.4568,8.5547,79.14,82,100,5.55,overcast clouds
584,Harper,LR,4.375,-7.7169,78.1,87,45,6.35,scattered clouds
585,Hami,CN,42.8,93.45,48.49,27,3,7.38,clear sky
586,Tuy Hoa,VN,13.0833,109.3,75.76,90,100,6.2,very heavy rain
587,Cabedelo,BR,-6.9811,-34.8339,75.87,81,49,16.49,scattered clouds
588,Te Anau,NZ,-45.4167,167.7167,50.45,96,99,5.12,light rain
589,Manggar,ID,-2.8833,108.2667,80.67,83,100,4.85,heavy intensity rain
590,Soe,ID,-9.8607,124.284,69.58,80,13,2.39,few clouds
591,Vila Franca Do Campo,PT,37.7167,-25.4333,73.81,94,100,22.12,overcast clouds
592,Sioux Lookout,CA,50.1001,-91.917,53.98,54,40,12.66,scattered clouds
593,Singkang,MY,2.1006,102.7994,76.89,92,100,1.36,overcast clouds
594,Lamar,US,33.6668,-95.5836,71.64,29,1,9.22,clear sky
595,Kutum,SD,14.2,24.6667,78.28,21,3,6.53,clear sky
596,Kukushtan,RU,57.6464,56.4952,44.22,61,100,10.04,overcast clouds
597,Kotka,FI,60.4664,26.9458,40.32,71,65,21.9,broken clouds
598,Sinjai,ID,-5.1241,120.253,77.2,83,28,2.86,scattered clouds
599,San Buenaventura,MX,27.0833,-101.5333,72.52,40,40,9.22,"sand,dust whirls"
600,Mizque,BO,-17.941,-65.3402,68.32,65,98,10.31,overcast clouds
601,Kalangala,UG,-0.3089,32.225,67.35,79,100,9.35,light rain
602,Amiens,FR,49.9,2.3,51.46,74,100,5.3,overcast clouds
603,Asau,RO,46.4333,26.4,50.76,84,100,4.18,light rain
604,Powell River,CA,49.8496,-124.5361,56.08,100,90,11.5,mist
605,Isa Khel,AF,36.6702,68.8443,54.95,21,37,2.59,scattered clouds
606,Kusatsu,JP,35.0167,135.9667,58.55,85,100,10.89,overcast clouds
607,Yerbogachen,RU,61.2767,108.0108,21.42,88,24,7.18,few clouds
608,Guarapari,BR,-20.6667,-40.4975,78.69,93,90,16.49,overcast clouds
609,Karaj,IR,35.8355,51.0103,62.38,25,0,6.91,clear sky
610,Portland,US,45.5234,-122.6762,70.5,64,40,1.99,scattered clouds
611,Santa Rosa,PH,14.3122,121.1114,80.58,90,99,4.32,overcast clouds
612,Mishawaka,US,41.662,-86.1586,58.01,58,90,3.0,overcast clouds
613,Palmer,US,42.1584,-72.3287,72.5,68,27,8.01,scattered clouds
614,Karratha,AU,-20.7377,116.8463,70.65,67,49,10.27,scattered clouds
615,Bayangol,RU,50.6977,103.4656,18.77,78,15,3.4,few clouds
616,Tebingtinggi,ID,3.3285,99.1625,77.05,94,98,3.53,overcast clouds
617,Kitimat,CA,54.0524,-128.6534,46.9,38,100,1.48,overcast clouds
618,Limon,CR,10.0,-83.0333,82.29,83,75,6.91,broken clouds
619,Saint-Leu,RE,-21.15,55.2833,72.43,88,11,2.17,few clouds
620,Yarkovo,RU,57.4028,67.0786,42.13,83,81,5.86,broken clouds
621,Sanming,CN,26.2486,117.6186,63.57,91,100,4.14,overcast clouds
622,Gornopravdinsk,RU,60.05,69.9,44.31,90,100,5.97,overcast clouds
623,Stepnyak,KZ,52.8339,70.7803,42.35,59,100,7.58,overcast clouds
624,Spokane,US,47.6166,-117.3677,71.06,29,1,4.0,clear sky
625,Havelock,US,34.8791,-76.9013,83.98,80,1,8.99,clear sky
626,Qinhuangdao,CN,39.9317,119.5883,38.39,31,0,7.18,clear sky
627,Polunochnoye,RU,60.8697,60.4153,39.63,75,71,5.55,broken clouds
628,Sawakin,SD,19.1059,37.3321,83.48,69,8,8.3,clear sky
629,Ichnya,UA,50.8626,32.3942,42.96,90,42,3.94,scattered clouds
630,Hastings,GB,50.8552,0.5729,58.8,85,87,10.71,overcast clouds
631,Mawlaik,MM,23.6333,94.4167,72.9,99,99,1.03,overcast clouds
632,Hovd,MN,48.0056,91.6419,30.34,53,0,1.68,clear sky
633,Mbandaka,CD,0.0487,18.2603,71.67,96,64,3.38,light rain
634,Ouegoa,NC,-20.35,164.4333,80.65,71,62,8.72,broken clouds
635,Dalby,AU,-27.1833,151.2667,54.3,41,0,5.41,clear sky
636,Charters Towers,AU,-20.1,146.2667,75.63,33,8,3.11,clear sky
637,Itarema,BR,-2.9248,-39.9167,80.02,79,90,16.28,overcast clouds
638,Novaya Malykla,RU,54.2,49.95,41.43,66,79,7.27,broken clouds
639,Dong Hoi,VN,17.4833,106.6,74.44,94,100,29.35,overcast clouds
640,Dhidhdhoo,MV,6.8833,73.1,81.95,75,100,23.22,overcast clouds
641,Pozo Colorado,PY,-23.4923,-58.7972,70.9,66,99,7.43,overcast clouds
642,Kamenka,RU,51.3223,42.7678,47.52,61,100,1.83,light rain
643,Obregon,NI,11.9566,-85.9636,89.87,85,100,3.15,overcast clouds
644,Sidi Ali,DZ,36.0998,0.4206,65.68,51,67,2.04,broken clouds
645,Port Keats,AU,-14.25,129.55,83.77,73,82,5.73,broken clouds
646,Mweka,CD,-4.85,21.5667,69.64,84,40,0.87,scattered clouds
647,Port-Gentil,GA,-0.7193,8.7815,78.76,89,40,10.36,scattered clouds
648,Mecca,SA,21.4267,39.8261,84.11,37,0,4.21,clear sky
649,Sosnogorsk,RU,63.6023,53.8817,41.29,90,100,10.54,overcast clouds
650,Subkhankulovo,RU,54.5574,53.8115,38.3,61,49,5.7,scattered clouds
651,Shache,CN,38.4167,77.2406,48.25,16,0,1.32,clear sky
652,Miyang,CN,24.4042,103.4428,52.84,94,100,2.57,overcast clouds
653,Ilhabela,BR,-23.7781,-45.3581,70.34,94,100,8.14,overcast clouds
654,Vary,UA,48.1221,22.7128,42.94,74,32,5.19,scattered clouds
655,Salym,RU,60.0625,71.4789,41.76,86,100,6.17,overcast clouds
656,Sar-E Pul,AF,35.8333,66.1667,42.57,29,100,0.76,overcast clouds
657,Dalbandin,PK,28.8947,64.4101,62.44,14,0,6.08,clear sky
658,Birobidzhan,RU,48.8,132.95,24.13,65,36,9.89,scattered clouds
659,Noumea,NC,-22.2763,166.4572,82.38,99,34,5.66,scattered clouds
660,Mattru,SL,7.6244,-11.8332,74.08,96,92,2.48,light rain
661,Qitaihe,CN,45.8,130.85,23.83,47,0,13.8,clear sky
662,Sur,OM,22.5667,59.5289,79.29,65,0,2.19,clear sky
663,Manaure,CO,11.7751,-72.4445,84.87,76,99,11.07,overcast clouds
664,Beidao,CN,34.5686,105.8933,44.56,81,66,2.59,broken clouds
665,Surt,LY,31.2089,16.5887,70.5,58,99,5.73,overcast clouds
666,Riyadh,SA,24.6877,46.7219,80.74,18,0,4.43,clear sky
667,Cap Malheureux,MU,-19.9842,57.6142,73.47,80,5,7.0,clear sky
668,Tatarskaya Pishlya,RU,54.0608,44.8998,45.79,60,100,11.81,overcast clouds
669,Okato,NZ,-39.2,173.8833,58.42,89,100,22.5,light rain
670,Schmalkalden,DE,50.7167,10.45,43.9,90,32,1.92,scattered clouds
671,Qasigiannguit,GL,68.8193,-51.1922,25.05,70,0,6.6,clear sky
672,Sambava,MG,-14.2667,50.1667,70.36,81,51,9.57,light rain
673,Kuvandyk,RU,51.4781,57.3552,46.45,69,77,4.12,broken clouds
674,Kashi,CN,39.4547,75.9797,52.81,22,0,8.95,clear sky
675,Mayor Pablo Lagerenza,PY,-19.9309,-60.7718,71.19,53,95,3.69,overcast clouds
676,Wawa,NG,9.9022,4.4192,79.27,55,1,2.93,clear sky
677,Seredka,RU,58.1584,28.1858,44.35,86,60,14.72,broken clouds
678,Batemans Bay,AU,-35.7167,150.1833,55.9,54,2,2.55,clear sky
679,Llanes,ES,43.4198,-4.7549,59.27,73,100,2.13,light rain
680,Svetlogorsk,BY,52.6333,29.7333,39.94,90,77,6.76,broken clouds
681,Sheboygan,US,43.7333,-87.9334,58.96,45,75,8.01,broken clouds
682,Hohhot,CN,40.8106,111.6522,21.49,63,0,2.24,clear sky
683,Pangkalanbuun,ID,-2.6833,111.6167,75.31,97,94,1.39,light rain
684,Elat,IL,29.5581,34.9482,80.44,47,0,16.11,clear sky
685,Nushki,PK,29.5542,66.0215,55.83,15,0,0.76,clear sky
686,Dawei,MM,14.0833,98.2,74.37,98,100,2.8,light rain
687,Viedma,AR,-40.8135,-62.9967,60.17,31,20,9.93,few clouds
688,Tarakan,ID,3.3,117.6333,74.7,94,75,4.61,broken clouds
689,Oistins,BB,13.0667,-59.5333,84.29,79,20,8.05,few clouds
690,Monze,ZM,-16.2833,27.4833,77.77,24,0,4.12,clear sky
691,Bulgan,MN,48.8125,103.5347,29.57,40,2,2.59,clear sky
692,Santana Do Livramento,BR,-30.8908,-55.5328,54.81,78,16,7.25,few clouds
693,Benjamin Constant,BR,-4.3831,-70.0311,84.33,79,40,4.61,scattered clouds
694,Irbil,IQ,36.1926,44.0106,73.22,28,0,5.75,clear sky
695,Kakonko,TZ,-3.2828,30.9642,66.09,83,38,2.48,scattered clouds
696,Mahon,ES,39.8885,4.2658,63.16,77,0,3.44,clear sky
697,Novomykolayivka,UA,47.9781,35.9102,52.05,60,100,6.8,overcast clouds
698,Cayenne,GF,4.9333,-52.3333,84.24,81,76,4.0,broken clouds
699,Farah,AF,32.5,62.5,53.17,17,0,3.02,clear sky
700,Paracuru,BR,-3.41,-39.0306,82.42,77,77,14.9,broken clouds
701,Bonthe,SL,7.5264,-12.505,79.02,83,79,5.57,broken clouds
